Year,Year Code,State,State Code,Deaths,Population,Crude Rate
1999,1999,Alabama,1,435,4430141,9.8
1999,1999,Alaska,2,55,624779,8.8
1999,1999,Arizona,4,476,5023823,9.5
1999,1999,Arkansas,5,234,2651860,8.8
1999,1999,California,6,1532,33499204,4.6
1999,1999,Colorado,8,309,4226018,7.3
1999,1999,Connecticut,9,111,3386401,3.3
1999,1999,Delaware,10,44,774990,5.7
1999,1999,District of Columbia,11,13,570213,Unreliable
1999,1999,Florida,12,1136,15759421,7.2
1999,1999,Georgia,13,628,8045965,7.8
1999,1999,Hawaii,15,23,1210300,1.9
1999,1999,Idaho,16,125,1275674,9.8
1999,1999,Illinois,17,481,12359020,3.9
1999,1999,Indiana,18,368,6044969,6.1
1999,1999,Iowa,19,160,2917634,5.5
1999,1999,Kansas,20,166,2678338,6.2
1999,1999,Kentucky,21,334,4018053,8.3
1999,1999,Louisiana,22,389,4460811,8.7
1999,1999,Maine,23,91,1266808,7.2
1999,1999,Maryland,24,241,5254509,4.6
1999,1999,Massachusetts,25,118,6317345,1.9
1999,1999,Michigan,26,542,9897116,5.5
1999,1999,Minnesota,27,228,4873481,4.7
1999,1999,Mississippi,28,244,2828408,8.6
1999,1999,Missouri,29,426,5561948,7.7
1999,1999,Montana,30,96,897507,10.7
1999,1999,Nebraska,31,108,1704764,6.3
1999,1999,Nevada,32,259,1934718,13.4
1999,1999,New Hampshire,33,64,1222014,5.2
1999,1999,New Jersey,34,195,8359592,2.3
1999,1999,New Mexico,35,180,1808082,10
1999,1999,New York,36,439,18882725,2.3
1999,1999,North Carolina,37,567,7949361,7.1
1999,1999,North Dakota,38,39,644259,6.1
1999,1999,Ohio,39,626,11335454,5.5
1999,1999,Oklahoma,40,317,3437147,9.2
1999,1999,Oregon,41,309,3393941,9.1
1999,1999,Pennsylvania,42,709,12263805,5.8
1999,1999,Rhode Island,44,35,1040402,3.4
1999,1999,South Carolina,45,287,3974682,7.2
1999,1999,South Dakota,46,56,750412,7.5
1999,1999,Tennessee,47,497,5638706,8.8
1999,1999,Texas,48,1224,20558220,6
1999,1999,Utah,49,153,2203482,6.9
1999,1999,Vermont,50,46,604683,7.6
1999,1999,Virginia,51,503,7000174,7.2
1999,1999,Washington,53,450,5842564,7.7
1999,1999,West Virginia,54,169,1811799,9.3
1999,1999,Wisconsin,55,299,5332666,5.6
1999,1999,Wyoming,56,63,491780,12.8
2000,2000,Alabama,1,427,4447100,9.6
2000,2000,Alaska,2,96,626932,15.3
2000,2000,Arizona,4,489,5130632,9.5
2000,2000,Arkansas,5,244,2673400,9.1
2000,2000,California,6,1487,33871648,4.4
2000,2000,Colorado,8,350,4301261,8.1
2000,2000,Connecticut,9,113,3405565,3.3
2000,2000,Delaware,10,40,783600,5.1
2000,2000,Florida,12,1186,15982378,7.4
2000,2000,Georgia,13,588,8186453,7.2
2000,2000,Hawaii,15,37,1211537,3.1
2000,2000,Idaho,16,107,1293953,8.3
2000,2000,Illinois,17,431,12419293,3.5
2000,2000,Indiana,18,411,6080485,6.8
2000,2000,Iowa,19,157,2926324,5.4
2000,2000,Kansas,20,186,2688418,6.9
2000,2000,Kentucky,21,373,4041769,9.2
2000,2000,Louisiana,22,326,4468976,7.3
2000,2000,Maine,23,98,1274923,7.7
2000,2000,Maryland,24,245,5296486,4.6
2000,2000,Massachusetts,25,105,6349097,1.7
2000,2000,Michigan,26,531,9938444,5.3
2000,2000,Minnesota,27,223,4919479,4.5
2000,2000,Mississippi,28,220,2844658,7.7
2000,2000,Missouri,29,434,5595211,7.8
2000,2000,Montana,30,107,902195,11.9
2000,2000,Nebraska,31,115,1711263,6.7
2000,2000,Nevada,32,241,1998257,12.1
2000,2000,New Hampshire,33,67,1235786,5.4
2000,2000,New Jersey,34,154,8414350,1.8
2000,2000,New Mexico,35,175,1819046,9.6
2000,2000,New York,36,450,18976457,2.4
2000,2000,North Carolina,37,621,8049313,7.7
2000,2000,North Dakota,38,35,642200,5.5
2000,2000,Ohio,39,584,11353140,5.1
2000,2000,Oklahoma,40,301,3450654,8.7
2000,2000,Oregon,41,302,3421399,8.8
2000,2000,Pennsylvania,42,756,12281054,6.2
2000,2000,Rhode Island,44,27,1048319,2.6
2000,2000,South Carolina,45,297,4012012,7.4
2000,2000,South Dakota,46,51,754844,6.8
2000,2000,Tennessee,47,501,5689283,8.8
2000,2000,Texas,48,1269,20851820,6.1
2000,2000,Utah,49,174,2233169,7.8
2000,2000,Vermont,50,47,608827,7.7
2000,2000,Virginia,51,484,7078515,6.8
2000,2000,Washington,53,390,5894121,6.6
2000,2000,West Virginia,54,173,1808344,9.6
2000,2000,Wisconsin,55,304,5363675,5.7
2000,2000,Wyoming,56,50,493782,10.1
2001,2001,Alabama,1,387,4467634,8.7
2001,2001,Alaska,2,65,633714,10.3
2001,2001,Arizona,4,468,5273477,8.9
2001,2001,Arkansas,5,274,2691571,10.2
2001,2001,California,6,1450,34479458,4.2
2001,2001,Colorado,8,390,4425687,8.8
2001,2001,Connecticut,9,115,3432835,3.4
2001,2001,Delaware,10,53,795699,6.7
2001,2001,District of Columbia,11,21,574504,3.7
2001,2001,Florida,12,1197,16356966,7.3
2001,2001,Georgia,13,626,8377038,7.5
2001,2001,Hawaii,15,31,1225948,2.5
2001,2001,Idaho,16,136,1319962,10.3
2001,2001,Illinois,17,505,12488445,4
2001,2001,Indiana,18,411,6127760,6.7
2001,2001,Iowa,19,157,2931997,5.4
2001,2001,Kansas,20,160,2702162,5.9
2001,2001,Kentucky,21,331,4068132,8.1
2001,2001,Louisiana,22,352,4477875,7.9
2001,2001,Maine,23,86,1285692,6.7
2001,2001,Maryland,24,220,5374691,4.1
2001,2001,Massachusetts,25,107,6397634,1.7
2001,2001,Michigan,26,542,9991120,5.4
2001,2001,Minnesota,27,242,4982796,4.9
2001,2001,Mississippi,28,239,2852994,8.4
2001,2001,Missouri,29,427,5641142,7.6
2001,2001,Montana,30,133,906961,14.7
2001,2001,Nebraska,31,107,1719836,6.2
2001,2001,Nevada,32,219,2098399,10.4
2001,2001,New Hampshire,33,79,1255517,6.3
2001,2001,New Jersey,34,167,8492671,2
2001,2001,New Mexico,35,188,1831690,10.3
2001,2001,New York,36,453,19082838,2.4
2001,2001,North Carolina,37,632,8210122,7.7
2001,2001,North Dakota,38,41,639062,6.4
2001,2001,Ohio,39,671,11387404,5.9
2001,2001,Oklahoma,40,332,3467100,9.6
2001,2001,Oregon,41,280,3467937,8.1
2001,2001,Pennsylvania,42,684,12298970,5.6
2001,2001,Rhode Island,44,25,1057142,2.4
2001,2001,South Carolina,45,311,4064995,7.7
2001,2001,South Dakota,46,43,757972,5.7
2001,2001,Tennessee,47,480,5750789,8.3
2001,2001,Texas,48,1377,21319622,6.5
2001,2001,Utah,49,182,2283715,8
2001,2001,Vermont,50,42,612223,6.9
2001,2001,Virginia,51,467,7198362,6.5
2001,2001,Washington,53,391,5985722,6.5
2001,2001,West Virginia,54,195,1801481,10.8
2001,2001,Wisconsin,55,317,5406835,5.9
2001,2001,Wyoming,56,61,494657,12.3
2002,2002,Alabama,1,381,4480089,8.5
2002,2002,Alaska,2,92,642337,14.3
2002,2002,Arizona,4,559,5396255,10.4
2002,2002,Arkansas,5,257,2705927,9.5
2002,2002,California,6,1490,34871843,4.3
2002,2002,Colorado,8,380,4490406,8.5
2002,2002,Connecticut,9,85,3458749,2.5
2002,2002,Delaware,10,38,806169,4.7
2002,2002,District of Columbia,11,13,573158,Unreliable
2002,2002,Florida,12,1205,16689370,7.2
2002,2002,Georgia,13,614,8508256,7.2
2002,2002,Hawaii,15,21,1239613,1.7
2002,2002,Idaho,16,137,1340372,10.2
2002,2002,Illinois,17,466,12525556,3.7
2002,2002,Indiana,18,448,6155967,7.3
2002,2002,Iowa,19,157,2934234,5.4
2002,2002,Kansas,20,184,2713535,6.8
2002,2002,Kentucky,21,364,4089875,8.9
2002,2002,Louisiana,22,349,4497267,7.8
2002,2002,Maine,23,79,1295960,6.1
2002,2002,Maryland,24,233,5440389,4.3
2002,2002,Massachusetts,25,99,6417206,1.5
2002,2002,Michigan,26,578,10015710,5.8
2002,2002,Minnesota,27,238,5018935,4.7
2002,2002,Mississippi,28,254,2858681,8.9
2002,2002,Missouri,29,423,5674825,7.5
2002,2002,Montana,30,115,911667,12.6
2002,2002,Nebraska,31,105,1728292,6.1
2002,2002,Nevada,32,245,2173791,11.3
2002,2002,New Hampshire,33,66,1269089,5.2
2002,2002,New Jersey,34,176,8552643,2.1
2002,2002,New Mexico,35,211,1855309,11.4
2002,2002,New York,36,411,19137800,2.1
2002,2002,North Carolina,37,630,8326201,7.6
2002,2002,North Dakota,38,53,638168,8.3
2002,2002,Ohio,39,675,11407889,5.9
2002,2002,Oklahoma,40,312,3489080,8.9
2002,2002,Oregon,41,291,3513424,8.3
2002,2002,Pennsylvania,42,720,12331031,5.8
2002,2002,Rhode Island,44,30,1065995,2.8
2002,2002,South Carolina,45,304,4107795,7.4
2002,2002,South Dakota,46,50,760020,6.6
2002,2002,Tennessee,47,521,5795918,9
2002,2002,Texas,48,1315,21690325,6.1
2002,2002,Utah,49,174,2324815,7.5
2002,2002,Vermont,50,54,615442,8.8
2002,2002,Virginia,51,491,7286873,6.7
2002,2002,Washington,53,437,6052349,7.2
2002,2002,West Virginia,54,188,1805414,10.4
2002,2002,Wisconsin,55,308,5445162,5.7
2002,2002,Wyoming,56,82,500017,16.4
2003,2003,Alabama,1,399,4503491,8.9
2003,2003,Alaska,2,79,648414,12.2
2003,2003,Arizona,4,486,5510364,8.8
2003,2003,Arkansas,5,258,2724816,9.5
2003,2003,California,6,1505,35253159,4.3
2003,2003,Colorado,8,363,4528732,8
2003,2003,Connecticut,9,89,3484336,2.6
2003,2003,Delaware,10,42,818003,5.1
2003,2003,District of Columbia,11,10,568502,Unreliable
2003,2003,Florida,12,1242,17004085,7.3
2003,2003,Georgia,13,656,8622793,7.6
2003,2003,Hawaii,15,24,1251154,1.9
2003,2003,Idaho,16,137,1363380,10
2003,2003,Illinois,17,404,12556006,3.2
2003,2003,Indiana,18,418,6196638,6.7
2003,2003,Iowa,19,178,2941999,6.1
2003,2003,Kansas,20,211,2723004,7.7
2003,2003,Kentucky,21,400,4117170,9.7
2003,2003,Louisiana,22,316,4521042,7
2003,2003,Maine,23,71,1306513,5.4
2003,2003,Maryland,24,239,5496269,4.3
2003,2003,Massachusetts,25,122,6422565,1.9
2003,2003,Michigan,26,523,10041152,5.2
2003,2003,Minnesota,27,244,5053572,4.8
2003,2003,Mississippi,28,247,2868312,8.6
2003,2003,Missouri,29,411,5709403,7.2
2003,2003,Montana,30,120,919630,13
2003,2003,Nebraska,31,91,1738643,5.2
2003,2003,Nevada,32,247,2248850,11
2003,2003,New Hampshire,33,75,1279840,5.9
2003,2003,New Jersey,34,183,8601402,2.1
2003,2003,New Mexico,35,211,1877574,11.2
2003,2003,New York,36,412,19175939,2.1
2003,2003,North Carolina,37,619,8422501,7.3
2003,2003,North Dakota,38,41,638817,6.4
2003,2003,Ohio,39,572,11434788,5
2003,2003,Oklahoma,40,281,3504892,8
2003,2003,Oregon,41,331,3547376,9.3
2003,2003,Pennsylvania,42,724,12374658,5.9
2003,2003,Rhode Island,44,12,1071342,Unreliable
2003,2003,South Carolina,45,328,4150297,7.9
2003,2003,South Dakota,46,60,763729,7.9
2003,2003,Tennessee,47,493,5847812,8.4
2003,2003,Texas,48,1350,22030931,6.1
2003,2003,Utah,49,181,2360137,7.7
2003,2003,Vermont,50,38,617858,6.2
2003,2003,Virginia,51,452,7366977,6.1
2003,2003,Washington,53,436,6104115,7.1
2003,2003,West Virginia,54,191,1812295,10.5
2003,2003,Wisconsin,55,310,5479203,5.7
2003,2003,Wyoming,56,75,503453,14.9
2004,2004,Alabama,1,375,4530729,8.3
2004,2004,Alaska,2,94,659286,14.3
2004,2004,Arizona,4,509,5652404,9
2004,2004,Arkansas,5,232,2749686,8.4
2004,2004,California,6,1366,35574576,3.8
2004,2004,Colorado,8,402,4575013,8.8
2004,2004,Connecticut,9,105,3496094,3
2004,2004,Delaware,10,45,830803,5.4
2004,2004,Florida,12,1197,17415318,6.9
2004,2004,Georgia,13,605,8769252,6.9
2004,2004,Hawaii,15,31,1273569,2.4
2004,2004,Idaho,16,151,1391802,10.8
2004,2004,Illinois,17,387,12589773,3.1
2004,2004,Indiana,18,385,6233007,6.2
2004,2004,Iowa,19,155,2953635,5.2
2004,2004,Kansas,20,204,2734373,7.5
2004,2004,Kentucky,21,377,4146101,9.1
2004,2004,Louisiana,22,371,4552238,8.1
2004,2004,Maine,23,97,1313688,7.4
2004,2004,Maryland,24,250,5546935,4.5
2004,2004,Massachusetts,25,95,6412281,1.5
2004,2004,Michigan,26,532,10055315,5.3
2004,2004,Minnesota,27,268,5087713,5.3
2004,2004,Mississippi,28,245,2889010,8.5
2004,2004,Missouri,29,389,5747741,6.8
2004,2004,Montana,30,105,930009,11.3
2004,2004,Nebraska,31,87,1749370,5
2004,2004,Nevada,32,249,2346222,10.6
2004,2004,New Hampshire,33,57,1290121,4.4
2004,2004,New Jersey,34,185,8634561,2.1
2004,2004,New Mexico,35,196,1903808,10.3
2004,2004,New York,36,401,19171567,2.1
2004,2004,North Carolina,37,608,8553152,7.1
2004,2004,North Dakota,38,41,644705,6.4
2004,2004,Ohio,39,657,11452251,5.7
2004,2004,Oklahoma,40,312,3525233,8.9
2004,2004,Oregon,41,299,3569463,8.4
2004,2004,Pennsylvania,42,722,12410722,5.8
2004,2004,Rhode Island,44,22,1074579,2
2004,2004,South Carolina,45,328,4210921,7.8
2004,2004,South Dakota,46,61,770396,7.9
2004,2004,Tennessee,47,526,5910809,8.9
2004,2004,Texas,48,1318,22394023,5.9
2004,2004,Utah,49,183,2401580,7.6
2004,2004,Vermont,50,56,619920,9
2004,2004,Virginia,51,494,7475575,6.6
2004,2004,Washington,53,423,6178645,6.8
2004,2004,West Virginia,54,192,1816438,10.6
2004,2004,Wisconsin,55,308,5514026,5.6
2004,2004,Wyoming,56,48,509106,9.4
2005,2005,Alabama,1,369,4569805,8.1
2005,2005,Alaska,2,87,666946,13
2005,2005,Arizona,4,514,5839077,8.8
2005,2005,Arkansas,5,262,2781097,9.4
2005,2005,California,6,1329,35827943,3.7
2005,2005,Colorado,8,396,4631888,8.5
2005,2005,Connecticut,9,112,3506956,3.2
2005,2005,Delaware,10,42,845150,5
2005,2005,District of Columbia,11,10,567136,Unreliable
2005,2005,Florida,12,1163,17842038,6.5
2005,2005,Georgia,13,590,8925922,6.6
2005,2005,Hawaii,15,22,1292729,1.7
2005,2005,Idaho,16,160,1428241,11.2
2005,2005,Illinois,17,424,12609903,3.4
2005,2005,Indiana,18,416,6278616,6.6
2005,2005,Iowa,19,170,2964454,5.7
2005,2005,Kansas,20,188,2745299,6.8
2005,2005,Kentucky,21,373,4182742,8.9
2005,2005,Louisiana,22,348,4576628,7.6
2005,2005,Maine,23,100,1318787,7.6
2005,2005,Maryland,24,220,5592379,3.9
2005,2005,Massachusetts,25,111,6403290,1.7
2005,2005,Michigan,26,554,10051137,5.5
2005,2005,Minnesota,27,255,5119598,5
2005,2005,Mississippi,28,251,2905943,8.6
2005,2005,Missouri,29,427,5790300,7.4
2005,2005,Montana,30,135,940102,14.4
2005,2005,Nebraska,31,100,1761497,5.7
2005,2005,Nevada,32,262,2432143,10.8
2005,2005,New Hampshire,33,79,1298492,6.1
2005,2005,New Jersey,34,136,8651974,1.6
2005,2005,New Mexico,35,178,1932274,9.2
2005,2005,New York,36,456,19132610,2.4
2005,2005,North Carolina,37,632,8705407,7.3
2005,2005,North Dakota,38,56,646089,8.7
2005,2005,Ohio,39,668,11463320,5.8
2005,2005,Oklahoma,40,302,3548597,8.5
2005,2005,Oregon,41,319,3613202,8.8
2005,2005,Pennsylvania,42,768,12449990,6.2
2005,2005,Rhode Island,44,19,1067916,Unreliable
2005,2005,South Carolina,45,314,4270150,7.4
2005,2005,South Dakota,46,71,775493,9.2
2005,2005,Tennessee,47,552,5991057,9.2
2005,2005,Texas,48,1381,22778123,6.1
2005,2005,Utah,49,190,2457719,7.7
2005,2005,Vermont,50,36,621215,5.8
2005,2005,Virginia,51,511,7577105,6.7
2005,2005,Washington,53,398,6257305,6.4
2005,2005,West Virginia,54,188,1820492,10.3
2005,2005,Wisconsin,55,302,5546166,5.4
2005,2005,Wyoming,56,56,514157,10.9
2006,2006,Alabama,1,400,4628981,8.6
2006,2006,Alaska,2,79,675302,11.7
2006,2006,Arizona,4,563,6029141,9.3
2006,2006,Arkansas,5,247,2821761,8.8
2006,2006,California,6,1319,36021202,3.7
2006,2006,Colorado,8,371,4720423,7.9
2006,2006,Connecticut,9,79,3517460,2.2
2006,2006,Delaware,10,42,859268,4.9
2006,2006,District of Columbia,11,10,570681,Unreliable
2006,2006,Florida,12,1227,18166990,6.8
2006,2006,Georgia,13,600,9155813,6.6
2006,2006,Hawaii,15,21,1309731,1.6
2006,2006,Idaho,16,145,1468669,9.9
2006,2006,Illinois,17,372,12643955,2.9
2006,2006,Indiana,18,442,6332669,7
2006,2006,Iowa,19,149,2982644,5
2006,2006,Kansas,20,211,2762931,7.6
2006,2006,Kentucky,21,383,4219239,9.1
2006,2006,Louisiana,22,331,4302665,7.7
2006,2006,Maine,23,87,1323619,6.6
2006,2006,Maryland,24,238,5627367,4.2
2006,2006,Massachusetts,25,101,6410084,1.6
2006,2006,Michigan,26,598,10036081,6
2006,2006,Minnesota,27,243,5163555,4.7
2006,2006,Mississippi,28,219,2904978,7.5
2006,2006,Missouri,29,444,5842704,7.6
2006,2006,Montana,30,102,952692,10.7
2006,2006,Nebraska,31,105,1772693,5.9
2006,2006,Nevada,32,255,2522658,10.1
2006,2006,New Hampshire,33,69,1308389,5.3
2006,2006,New Jersey,34,173,8661679,2
2006,2006,New Mexico,35,193,1962137,9.8
2006,2006,New York,36,412,19104631,2.2
2006,2006,North Carolina,37,660,8917270,7.4
2006,2006,North Dakota,38,41,649422,6.3
2006,2006,Ohio,39,626,11481213,5.5
2006,2006,Oklahoma,40,314,3594090,8.7
2006,2006,Oregon,41,307,3670883,8.4
2006,2006,Pennsylvania,42,734,12510809,5.9
2006,2006,Rhode Island,44,27,1063096,2.5
2006,2006,South Carolina,45,315,4357847,7.2
2006,2006,South Dakota,46,71,783033,9.1
2006,2006,Tennessee,47,569,6088766,9.3
2006,2006,Texas,48,1311,23359580,5.6
2006,2006,Utah,49,189,2525507,7.5
2006,2006,Vermont,50,43,622892,6.9
2006,2006,Virginia,51,499,7673725,6.5
2006,2006,Washington,53,397,6370753,6.2
2006,2006,West Virginia,54,179,1827912,9.8
2006,2006,Wisconsin,55,299,5577655,5.4
2006,2006,Wyoming,56,72,522667,13.8
2007,2007,Alabama,1,396,4672840,8.5
2007,2007,Alaska,2,94,680300,13.8
2007,2007,Arizona,4,552,6167681,8.9
2007,2007,Arkansas,5,244,2848650,8.6
2007,2007,California,6,1422,36250311,3.9
2007,2007,Colorado,8,396,4803868,8.2
2007,2007,Connecticut,9,78,3527270,2.2
2007,2007,Delaware,10,46,871749,5.3
2007,2007,District of Columbia,11,10,574404,Unreliable
2007,2007,Florida,12,1284,18367842,7
2007,2007,Georgia,13,641,9349988,6.9
2007,2007,Hawaii,15,27,1315675,2.1
2007,2007,Idaho,16,147,1505105,9.8
2007,2007,Illinois,17,423,12695866,3.3
2007,2007,Indiana,18,392,6379599,6.1
2007,2007,Iowa,19,133,2999212,4.4
2007,2007,Kansas,20,213,2783785,7.7
2007,2007,Kentucky,21,422,4256672,9.9
2007,2007,Louisiana,22,335,4375581,7.7
2007,2007,Maine,23,90,1327040,6.8
2007,2007,Maryland,24,233,5653408,4.1
2007,2007,Massachusetts,25,114,6431559,1.8
2007,2007,Michigan,26,558,10001284,5.6
2007,2007,Minnesota,27,265,5207203,5.1
2007,2007,Mississippi,28,279,2928350,9.5
2007,2007,Missouri,29,452,5887612,7.7
2007,2007,Montana,30,120,964706,12.4
2007,2007,Nebraska,31,89,1783440,5
2007,2007,Nevada,32,270,2601072,10.4
2007,2007,New Hampshire,33,71,1312540,5.4
2007,2007,New Jersey,34,165,8677885,1.9
2007,2007,New Mexico,35,189,1990070,9.5
2007,2007,New York,36,441,19132335,2.3
2007,2007,North Carolina,37,607,9118037,6.7
2007,2007,North Dakota,38,49,652822,7.5
2007,2007,Ohio,39,659,11500468,5.7
2007,2007,Oklahoma,40,315,3634349,8.7
2007,2007,Oregon,41,327,3722417,8.8
2007,2007,Pennsylvania,42,719,12563937,5.7
2007,2007,Rhode Island,44,24,1057315,2.3
2007,2007,South Carolina,45,311,4444110,7
2007,2007,South Dakota,46,44,791623,5.6
2007,2007,Tennessee,47,545,6175727,8.8
2007,2007,Texas,48,1411,23831983,5.9
2007,2007,Utah,49,197,2597746,7.6
2007,2007,Vermont,50,43,623481,6.9
2007,2007,Virginia,51,487,7751000,6.3
2007,2007,Washington,53,413,6461587,6.4
2007,2007,West Virginia,54,205,1834052,11.2
2007,2007,Wisconsin,55,338,5610775,6
2007,2007,Wyoming,56,67,534876,12.5
2008,2008,Alabama,1,424,4718206,9
2008,2008,Alaska,2,116,687455,16.9
2008,2008,Arizona,4,540,6280362,8.6
2008,2008,Arkansas,5,275,2874554,9.6
2008,2008,California,6,1478,36604337,4
2008,2008,Colorado,8,387,4889730,7.9
2008,2008,Connecticut,9,109,3545579,3.1
2008,2008,Delaware,10,41,883874,4.6
2008,2008,District of Columbia,11,12,580236,Unreliable
2008,2008,Florida,12,1397,18527305,7.5
2008,2008,Georgia,13,616,9504843,6.5
2008,2008,Hawaii,15,28,1332213,2.1
2008,2008,Idaho,16,149,1534320,9.7
2008,2008,Illinois,17,438,12747038,3.4
2008,2008,Indiana,18,450,6424806,7
2008,2008,Iowa,19,180,3016734,6
2008,2008,Kansas,20,185,2808076,6.6
2008,2008,Kentucky,21,394,4289878,9.2
2008,2008,Louisiana,22,351,4435586,7.9
2008,2008,Maine,23,103,1330509,7.7
2008,2008,Maryland,24,263,5684965,4.6
2008,2008,Massachusetts,25,118,6468967,1.8
2008,2008,Michigan,26,570,9946889,5.7
2008,2008,Minnesota,27,289,5247018,5.5
2008,2008,Mississippi,28,286,2947806,9.7
2008,2008,Missouri,29,421,5923916,7.1
2008,2008,Montana,30,132,976415,13.5
2008,2008,Nebraska,31,98,1796378,5.5
2008,2008,Nevada,32,291,2653630,11
2008,2008,New Hampshire,33,85,1315906,6.5
2008,2008,New Jersey,34,175,8711090,2
2008,2008,New Mexico,35,195,2010662,9.7
2008,2008,New York,36,429,19212436,2.2
2008,2008,North Carolina,37,669,9309449,7.2
2008,2008,North Dakota,38,55,657569,8.4
2008,2008,Ohio,39,684,11515391,5.9
2008,2008,Oklahoma,40,346,3668976,9.4
2008,2008,Oregon,41,319,3768748,8.5
2008,2008,Pennsylvania,42,770,12612285,6.1
2008,2008,Rhode Island,44,23,1055003,2.2
2008,2008,South Carolina,45,343,4528996,7.6
2008,2008,South Dakota,46,68,799124,8.5
2008,2008,Tennessee,47,609,6247411,9.7
2008,2008,Texas,48,1506,24309039,6.2
2008,2008,Utah,49,196,2663029,7.4
2008,2008,Vermont,50,44,624151,7
2008,2008,Virginia,51,524,7833496,6.7
2008,2008,Washington,53,439,6562231,6.7
2008,2008,West Virginia,54,172,1840310,9.3
2008,2008,Wisconsin,55,344,5640996,6.1
2008,2008,Wyoming,56,87,546043,15.9
2009,2009,Alabama,1,479,4757938,10.1
2009,2009,Alaska,2,79,698895,11.3
2009,2009,Arizona,4,605,6343154,9.5
2009,2009,Arkansas,5,285,2896843,9.8
2009,2009,California,6,1519,36961229,4.1
2009,2009,Colorado,8,454,4972195,9.1
2009,2009,Connecticut,9,93,3561807,2.6
2009,2009,Delaware,10,38,891730,4.3
2009,2009,Florida,12,1472,18652644,7.9
2009,2009,Georgia,13,743,9620846,7.7
2009,2009,Hawaii,15,36,1346717,2.7
2009,2009,Idaho,16,176,1554439,11.3
2009,2009,Illinois,17,402,12796778,3.1
2009,2009,Indiana,18,458,6459325,7.1
2009,2009,Iowa,19,160,3032870,5.3
2009,2009,Kansas,20,200,2832704,7.1
2009,2009,Kentucky,21,403,4317074,9.3
2009,2009,Louisiana,22,328,4491648,7.3
2009,2009,Maine,23,106,1329590,8
2009,2009,Maryland,24,252,5730388,4.4
2009,2009,Massachusetts,25,89,6517613,1.4
2009,2009,Michigan,26,575,9901591,5.8
2009,2009,Minnesota,27,281,5281203,5.3
2009,2009,Mississippi,28,269,2958774,9.1
2009,2009,Missouri,29,471,5961088,7.9
2009,2009,Montana,30,136,983982,13.8
2009,2009,Nebraska,31,93,1812683,5.1
2009,2009,Nevada,32,295,2684665,11
2009,2009,New Hampshire,33,82,1316102,6.2
2009,2009,New Jersey,34,173,8755602,2
2009,2009,New Mexico,35,192,2036802,9.4
2009,2009,New York,36,422,19307066,2.2
2009,2009,North Carolina,37,678,9449566,7.2
2009,2009,North Dakota,38,50,664968,7.5
2009,2009,Ohio,39,590,11528896,5.1
2009,2009,Oklahoma,40,363,3717572,9.8
2009,2009,Oregon,41,345,3808600,9.1
2009,2009,Pennsylvania,42,825,12666858,6.5
2009,2009,Rhode Island,44,40,1053646,3.8
2009,2009,South Carolina,45,377,4589872,8.2
2009,2009,South Dakota,46,61,807067,7.6
2009,2009,Tennessee,47,574,6306019,9.1
2009,2009,Texas,48,1583,24801761,6.4
2009,2009,Utah,49,217,2723421,8
2009,2009,Vermont,50,59,624817,9.4
2009,2009,Virginia,51,527,7925937,6.6
2009,2009,Washington,53,470,6667426,7
2009,2009,West Virginia,54,178,1847775,9.6
2009,2009,Wisconsin,55,345,5669264,6.1
2009,2009,Wyoming,56,82,559851,14.6
2010,2010,Alabama,1,454,4779736,9.5
2010,2010,Alaska,2,107,710231,15.1
2010,2010,Arizona,4,620,6392017,9.7
2010,2010,Arkansas,5,266,2915918,9.1
2010,2010,California,6,1492,37253956,4
2010,2010,Colorado,8,427,5029196,8.5
2010,2010,Connecticut,9,110,3574097,3.1
2010,2010,Delaware,10,43,897934,4.8
2010,2010,District of Columbia,11,13,601723,Unreliable
2010,2010,Florida,12,1454,18801310,7.7
2010,2010,Georgia,13,718,9687653,7.4
2010,2010,Hawaii,15,37,1360301,2.7
2010,2010,Idaho,16,182,1567582,11.6
2010,2010,Illinois,17,442,12830632,3.4
2010,2010,Indiana,18,455,6483802,7
2010,2010,Iowa,19,177,3046355,5.8
2010,2010,Kansas,20,210,2853118,7.4
2010,2010,Kentucky,21,404,4339367,9.3
2010,2010,Louisiana,22,385,4533372,8.5
2010,2010,Maine,23,95,1328361,7.2
2010,2010,Maryland,24,222,5773552,3.8
2010,2010,Massachusetts,25,138,6547629,2.1
2010,2010,Michigan,26,601,9883640,6.1
2010,2010,Minnesota,27,280,5303925,5.3
2010,2010,Mississippi,28,256,2967297,8.6
2010,2010,Missouri,29,489,5988927,8.2
2010,2010,Montana,30,141,989415,14.3
2010,2010,Nebraska,31,106,1826341,5.8
2010,2010,Nevada,32,289,2700551,10.7
2010,2010,New Hampshire,33,102,1316470,7.7
2010,2010,New Jersey,34,187,8791894,2.1
2010,2010,New Mexico,35,204,2059179,9.9
2010,2010,New York,36,459,19378102,2.4
2010,2010,North Carolina,37,707,9535483,7.4
2010,2010,North Dakota,38,56,672591,8.3
2010,2010,Ohio,39,724,11536504,6.3
2010,2010,Oklahoma,40,376,3751351,10
2010,2010,Oregon,41,376,3831074,9.8
2010,2010,Pennsylvania,42,762,12702379,6
2010,2010,Rhode Island,44,30,1052567,2.9
2010,2010,South Carolina,45,392,4625364,8.5
2010,2010,South Dakota,46,65,814180,8
2010,2010,Tennessee,47,585,6346105,9.2
2010,2010,Texas,48,1702,25145561,6.8
2010,2010,Utah,49,275,2763885,9.9
2010,2010,Vermont,50,66,625741,10.5
2010,2010,Virginia,51,576,8001024,7.2
2010,2010,Washington,53,464,6724540,6.9
2010,2010,West Virginia,54,210,1852994,11.3
2010,2010,Wisconsin,55,378,5686986,6.6
2010,2010,Wyoming,56,83,563626,14.7
2011,2011,Alabama,1,452,4802740,9.4
2011,2011,Alaska,2,99,722718,13.7
2011,2011,Arizona,4,674,6482505,10.4
2011,2011,Arkansas,5,299,2937979,10.2
2011,2011,California,6,1564,37691912,4.1
2011,2011,Colorado,8,443,5116796,8.7
2011,2011,Connecticut,9,111,3580709,3.1
2011,2011,Delaware,10,46,907135,5.1
2011,2011,Florida,12,1490,19057542,7.8
2011,2011,Georgia,13,742,9815210,7.6
2011,2011,Hawaii,15,42,1374810,3.1
2011,2011,Idaho,16,167,1584985,10.5
2011,2011,Illinois,17,461,12869257,3.6
2011,2011,Indiana,18,411,6516922,6.3
2011,2011,Iowa,19,185,3062309,6
2011,2011,Kansas,20,233,2871238,8.1
2011,2011,Kentucky,21,453,4369356,10.4
2011,2011,Louisiana,22,377,4574836,8.2
2011,2011,Maine,23,113,1328188,8.5
2011,2011,Maryland,24,242,5828289,4.2
2011,2011,Massachusetts,25,116,6587536,1.8
2011,2011,Michigan,26,619,9876187,6.3
2011,2011,Minnesota,27,322,5344861,6
2011,2011,Mississippi,28,268,2978512,9
2011,2011,Missouri,29,513,6010688,8.5
2011,2011,Montana,30,152,998199,15.2
2011,2011,Nebraska,31,111,1842641,6
2011,2011,Nevada,32,272,2723322,10
2011,2011,New Hampshire,33,75,1318194,5.7
2011,2011,New Jersey,34,181,8821155,2.1
2011,2011,New Mexico,35,221,2082224,10.6
2011,2011,New York,36,505,19465197,2.6
2011,2011,North Carolina,37,728,9656401,7.5
2011,2011,North Dakota,38,51,683932,7.5
2011,2011,Ohio,39,726,11544951,6.3
2011,2011,Oklahoma,40,440,3791508,11.6
2011,2011,Oregon,41,343,3871859,8.9
2011,2011,Pennsylvania,42,883,12742886,6.9
2011,2011,Rhode Island,44,20,1051302,1.9
2011,2011,South Carolina,45,426,4679230,9.1
2011,2011,South Dakota,46,60,824082,7.3
2011,2011,Tennessee,47,591,6403353,9.2
2011,2011,Texas,48,1684,25674681,6.6
2011,2011,Utah,49,268,2817222,9.5
2011,2011,Vermont,50,70,626431,11.2
2011,2011,Virginia,51,604,8096604,7.5
2011,2011,Washington,53,495,6830038,7.2
2011,2011,West Virginia,54,200,1855364,10.8
2011,2011,Wisconsin,55,351,5711767,6.1
2011,2011,Wyoming,56,84,568158,14.8
2012,2012,Alabama,1,500,4822023,10.4
2012,2012,Alaska,2,98,731449,13.4
2012,2012,Arizona,4,663,6553255,10.1
2012,2012,Arkansas,5,307,2949131,10.4
2012,2012,California,6,1549,38041430,4.1
2012,2012,Colorado,8,533,5187582,10.3
2012,2012,Connecticut,9,111,3590347,3.1
2012,2012,Delaware,10,46,917092,5
2012,2012,District of Columbia,11,10,632323,Unreliable
2012,2012,Florida,12,1550,19317568,8
2012,2012,Georgia,13,750,9919945,7.6
2012,2012,Hawaii,15,43,1392313,3.1
2012,2012,Idaho,16,176,1595728,11
2012,2012,Illinois,17,490,12875255,3.8
2012,2012,Indiana,18,513,6537334,7.8
2012,2012,Iowa,19,175,3074186,5.7
2012,2012,Kansas,20,297,2885905,10.3
2012,2012,Kentucky,21,469,4380415,10.7
2012,2012,Louisiana,22,375,4601893,8.1
2012,2012,Maine,23,112,1329192,8.4
2012,2012,Maryland,24,272,5884563,4.6
2012,2012,Massachusetts,25,151,6646144,2.3
2012,2012,Michigan,26,623,9883360,6.3
2012,2012,Minnesota,27,310,5379139,5.8
2012,2012,Mississippi,28,296,2984926,9.9
2012,2012,Missouri,29,546,6021988,9.1
2012,2012,Montana,30,153,1005141,15.2
2012,2012,Nebraska,31,115,1855525,6.2
2012,2012,Nevada,32,274,2758931,9.9
2012,2012,New Hampshire,33,98,1320718,7.4
2012,2012,New Jersey,34,160,8864590,1.8
2012,2012,New Mexico,35,230,2085538,11
2012,2012,New York,36,516,19570261,2.6
2012,2012,North Carolina,37,709,9752073,7.3
2012,2012,North Dakota,38,63,699628,9
2012,2012,Ohio,39,784,11544225,6.8
2012,2012,Oklahoma,40,411,3814820,10.8
2012,2012,Oregon,41,367,3899353,9.4
2012,2012,Pennsylvania,42,819,12763536,6.4
2012,2012,Rhode Island,44,26,1050292,2.5
2012,2012,South Carolina,45,433,4723723,9.2
2012,2012,South Dakota,46,76,833354,9.1
2012,2012,Tennessee,47,626,6456243,9.7
2012,2012,Texas,48,1744,26059203,6.7
2012,2012,Utah,49,283,2855287,9.9
2012,2012,Vermont,50,50,626011,8
2012,2012,Virginia,51,587,8185867,7.2
2012,2012,Washington,53,529,6897012,7.7
2012,2012,West Virginia,54,198,1855413,10.7
2012,2012,Wisconsin,55,348,5726398,6.1
2012,2012,Wyoming,56,102,576412,17.7
2013,2013,Alabama,1,504,4833722,10.4
2013,2013,Alaska,2,120,735132,16.3
2013,2013,Arizona,4,655,6626624,9.9
2013,2013,Arkansas,5,322,2959373,10.9
2013,2013,California,6,1571,38332521,4.1
2013,2013,Colorado,8,489,5268367,9.3
2013,2013,Connecticut,9,92,3596080,2.6
2013,2013,Delaware,10,60,925749,6.5
2013,2013,Florida,12,1566,19552860,8
2013,2013,Georgia,13,747,9992167,7.5
2013,2013,Hawaii,15,28,1404054,2
2013,2013,Idaho,16,200,1612136,12.4
2013,2013,Illinois,17,496,12882135,3.9
2013,2013,Indiana,18,523,6570902,8
2013,2013,Iowa,19,221,3090416,7.2
2013,2013,Kansas,20,241,2893957,8.3
2013,2013,Kentucky,21,453,4395295,10.3
2013,2013,Louisiana,22,408,4625470,8.8
2013,2013,Maine,23,137,1328302,10.3
2013,2013,Maryland,24,257,5928814,4.3
2013,2013,Massachusetts,25,112,6692824,1.7
2013,2013,Michigan,26,674,9895622,6.8
2013,2013,Minnesota,27,339,5420380,6.3
2013,2013,Mississippi,28,279,2991207,9.3
2013,2013,Missouri,29,556,6044171,9.2
2013,2013,Montana,30,147,1015165,14.5
2013,2013,Nebraska,31,111,1868516,5.9
2013,2013,Nevada,32,292,2790136,10.5
2013,2013,New Hampshire,33,81,1323459,6.1
2013,2013,New Jersey,34,194,8899339,2.2
2013,2013,New Mexico,35,222,2085287,10.6
2013,2013,New York,36,465,19651127,2.4
2013,2013,North Carolina,37,771,9848060,7.8
2013,2013,North Dakota,38,76,723393,10.5
2013,2013,Ohio,39,800,11570808,6.9
2013,2013,Oklahoma,40,433,3850568,11.2
2013,2013,Oregon,41,389,3930065,9.9
2013,2013,Pennsylvania,42,918,12773801,7.2
2013,2013,Rhode Island,44,34,1051511,3.2
2013,2013,South Carolina,45,470,4774839,9.8
2013,2013,South Dakota,46,71,844877,8.4
2013,2013,Tennessee,47,676,6495978,10.4
2013,2013,Texas,48,1780,26448193,6.7
2013,2013,Utah,49,295,2900872,10.2
2013,2013,Vermont,50,59,626630,9.4
2013,2013,Virginia,51,601,8260405,7.3
2013,2013,Washington,53,483,6971406,6.9
2013,2013,West Virginia,54,225,1854304,12.1
2013,2013,Wisconsin,55,437,5742713,7.6
2013,2013,Wyoming,56,89,582658,15.3
2014,2014,Alabama,1,479,4849377,9.9
2014,2014,Alaska,2,115,736732,15.6
2014,2014,Arizona,4,683,6731484,10.1
2014,2014,Arkansas,5,323,2966369,10.9
2014,2014,California,6,1582,38802500,4.1
2014,2014,Colorado,8,539,5355866,10.1
2014,2014,Connecticut,9,125,3596677,3.5
2014,2014,Delaware,10,59,935614,6.3
2014,2014,District of Columbia,11,14,658893,Unreliable
2014,2014,Florida,12,1538,19893297,7.7
2014,2014,Georgia,13,841,10097343,8.3
2014,2014,Hawaii,15,33,1419561,2.3
2014,2014,Idaho,16,182,1634464,11.1
2014,2014,Illinois,17,533,12880580,4.1
2014,2014,Indiana,18,528,6596855,8
2014,2014,Iowa,19,194,3107126,6.2
2014,2014,Kansas,20,238,2904021,8.2
2014,2014,Kentucky,21,470,4413457,10.6
2014,2014,Louisiana,22,444,4649676,9.5
2014,2014,Maine,23,116,1330089,8.7
2014,2014,Maryland,24,277,5976407,4.6
2014,2014,Massachusetts,25,130,6745408,1.9
2014,2014,Michigan,26,671,9909877,6.8
2014,2014,Minnesota,27,308,5457173,5.6
2014,2014,Mississippi,28,251,2994079,8.4
2014,2014,Missouri,29,588,6063589,9.7
2014,2014,Montana,30,149,1023579,14.6
2014,2014,Nebraska,31,133,1881503,7.1
2014,2014,Nevada,32,309,2839099,10.9
2014,2014,New Hampshire,33,110,1326813,8.3
2014,2014,New Jersey,34,194,8938175,2.2
2014,2014,New Mexico,35,244,2085572,11.7
2014,2014,New York,36,474,19746227,2.4
2014,2014,North Carolina,37,760,9943964,7.6
2014,2014,North Dakota,38,85,739482,11.5
2014,2014,Ohio,39,744,11594163,6.4
2014,2014,Oklahoma,40,435,3878051,11.2
2014,2014,Oregon,41,422,3970239,10.6
2014,2014,Pennsylvania,42,897,12787209,7
2014,2014,Rhode Island,44,20,1055173,1.9
2014,2014,South Carolina,45,479,4832482,9.9
2014,2014,South Dakota,46,76,853175,8.9
2014,2014,Tennessee,47,644,6549352,9.8
2014,2014,Texas,48,1789,26956958,6.6
2014,2014,Utah,49,278,2942902,9.4
2014,2014,Vermont,50,59,626562,9.4
2014,2014,Virginia,51,626,8326289,7.5
2014,2014,Washington,53,551,7061530,7.8
2014,2014,West Virginia,54,217,1850326,11.7
2014,2014,Wisconsin,55,352,5757564,6.1
2014,2014,Wyoming,56,78,584153,13.4
2015,2015,Alabama,1,528,4858979,10.9
2015,2015,Alaska,2,123,738432,16.7
2015,2015,Arizona,4,707,6828065,10.4
2015,2015,Arkansas,5,342,2978204,11.5
2015,2015,California,6,1559,39144818,4
2015,2015,Colorado,8,541,5456574,9.9
2015,2015,Connecticut,9,104,3590886,2.9
2015,2015,Delaware,10,55,945934,5.8
2015,2015,District of Columbia,11,11,672228,Unreliable
2015,2015,Florida,12,1630,20271272,8
2015,2015,Georgia,13,823,10214860,8.1
2015,2015,Hawaii,15,44,1431603,3.1
2015,2015,Idaho,16,215,1654930,13
2015,2015,Illinois,17,495,12859995,3.8
2015,2015,Indiana,18,517,6619680,7.8
2015,2015,Iowa,19,193,3123899,6.2
2015,2015,Kansas,20,224,2911641,7.7
2015,2015,Kentucky,21,499,4425092,11.3
2015,2015,Louisiana,22,468,4670724,10
2015,2015,Maine,23,128,1329328,9.6
2015,2015,Maryland,24,244,6006401,4.1
2015,2015,Massachusetts,25,118,6794422,1.7
2015,2015,Michigan,26,692,9922576,7
2015,2015,Minnesota,27,304,5489594,5.5
2015,2015,Mississippi,28,292,2992333,9.8
2015,2015,Missouri,29,605,6083672,9.9
2015,2015,Montana,30,174,1032949,16.8
2015,2015,Nebraska,31,114,1896190,6
2015,2015,Nevada,32,293,2890845,10.1
2015,2015,New Hampshire,33,107,1330608,8
2015,2015,New Jersey,34,189,8958013,2.1
2015,2015,New Mexico,35,275,2085109,13.2
2015,2015,New York,36,421,19795791,2.1
2015,2015,North Carolina,37,787,10042802,7.8
2015,2015,North Dakota,38,76,756927,10
2015,2015,Ohio,39,861,11613423,7.4
2015,2015,Oklahoma,40,468,3911338,12
2015,2015,Oregon,41,373,4028977,9.3
2015,2015,Pennsylvania,42,932,12802503,7.3
2015,2015,Rhode Island,44,40,1056298,3.8
2015,2015,South Carolina,45,469,4896146,9.6
2015,2015,South Dakota,46,73,858469,8.5
2015,2015,Tennessee,47,638,6600299,9.7
2015,2015,Texas,48,1994,27469114,7.3
2015,2015,Utah,49,313,2995919,10.4
2015,2015,Vermont,50,59,626042,9.4
2015,2015,Virginia,51,630,8382993,7.5
2015,2015,Washington,53,537,7170351,7.5
2015,2015,West Virginia,54,215,1844128,11.7
2015,2015,Wisconsin,55,424,5771337,7.3
2015,2015,Wyoming,56,95,586107,16.2
2016,2016,Alabama,1,550,4863300,11.3
2016,2016,Alaska,2,113,741894,15.2
2016,2016,Arizona,4,755,6931071,10.9
2016,2016,Arkansas,5,331,2988248,11.1
2016,2016,California,6,1595,39250017,4.1
2016,2016,Colorado,8,613,5540545,11.1
2016,2016,Connecticut,9,110,3576452,3.1
2016,2016,Delaware,10,65,952065,6.8
2016,2016,Florida,12,1672,20612439,8.1
2016,2016,Georgia,13,871,10310371,8.4
2016,2016,Hawaii,15,37,1428557,2.6
2016,2016,Idaho,16,215,1683140,12.8
2016,2016,Illinois,17,506,12801539,4
2016,2016,Indiana,18,591,6633053,8.9
2016,2016,Iowa,19,228,3134693,7.3
2016,2016,Kansas,20,257,2907289,8.8
2016,2016,Kentucky,21,495,4436974,11.2
2016,2016,Louisiana,22,440,4681666,9.4
2016,2016,Maine,23,112,1331479,8.4
2016,2016,Maryland,24,251,6016447,4.2
2016,2016,Massachusetts,25,140,6811779,2.1
2016,2016,Michigan,26,717,9928300,7.2
2016,2016,Minnesota,27,332,5519952,6
2016,2016,Mississippi,28,268,2988726,9
2016,2016,Missouri,29,650,6093000,10.7
2016,2016,Montana,30,162,1042520,15.5
2016,2016,Nebraska,31,116,1907116,6.1
2016,2016,Nevada,32,334,2940058,11.4
2016,2016,New Hampshire,33,123,1334795,9.2
2016,2016,New Jersey,34,176,8944469,2
2016,2016,New Mexico,35,243,2081015,11.7
2016,2016,New York,36,490,19745289,2.5
2016,2016,North Carolina,37,788,10146788,7.8
2016,2016,North Dakota,38,75,757952,9.9
2016,2016,Ohio,39,926,11614373,8
2016,2016,Oklahoma,40,517,3923561,13.2
2016,2016,Oregon,41,414,4093465,10.1
2016,2016,Pennsylvania,42,976,12784227,7.6
2016,2016,Rhode Island,44,35,1056426,3.3
2016,2016,South Carolina,45,525,4961119,10.6
2016,2016,South Dakota,46,84,865454,9.7
2016,2016,Tennessee,47,675,6651194,10.1
2016,2016,Texas,48,2016,27862596,7.2
2016,2016,Utah,49,309,3051217,10.1
2016,2016,Vermont,50,69,624594,11
2016,2016,Virginia,51,671,8411808,8
2016,2016,Washington,53,515,7288000,7.1
2016,2016,West Virginia,54,238,1831102,13
2016,2016,Wisconsin,55,455,5778708,7.9
2016,2016,Wyoming,56,87,585501,14.9
2017,2017,Alabama,1,573,4874747,11.8
2017,2017,Alaska,2,119,739795,16.1
2017,2017,Arizona,4,792,7016270,11.3
2017,2017,Arkansas,5,392,3004279,13
2017,2017,California,6,1610,39536653,4.1
2017,2017,Colorado,8,592,5607154,10.6
2017,2017,Connecticut,9,109,3588184,3
2017,2017,Delaware,10,50,961939,5.2
2017,2017,Florida,12,1723,20984400,8.2
2017,2017,Georgia,13,908,10429379,8.7
2017,2017,Hawaii,15,30,1427538,2.1
2017,2017,Idaho,16,244,1716943,14.2
2017,2017,Illinois,17,577,12802023,4.5
2017,2017,Indiana,18,604,6666818,9.1
2017,2017,Iowa,19,222,3145711,7.1
2017,2017,Kansas,20,316,2913123,10.8
2017,2017,Kentucky,21,470,4454189,10.6
2017,2017,Louisiana,22,444,4684333,9.5
2017,2017,Maine,23,151,1335907,11.3
2017,2017,Maryland,24,271,6052177,4.5
2017,2017,Massachusetts,25,152,6859819,2.2
2017,2017,Michigan,26,682,9962311,6.8
2017,2017,Minnesota,27,365,5576606,6.5
2017,2017,Mississippi,28,295,2984100,9.9
2017,2017,Missouri,29,701,6113532,11.5
2017,2017,Montana,30,213,1050493,20.3
2017,2017,Nebraska,31,126,1920076,6.6
2017,2017,Nevada,32,329,2998039,11
2017,2017,New Hampshire,33,132,1342795,9.8
2017,2017,New Jersey,34,204,9005644,2.3
2017,2017,New Mexico,35,261,2088070,12.5
2017,2017,New York,36,433,19849399,2.2
2017,2017,North Carolina,37,840,10273419,8.2
2017,2017,North Dakota,38,93,755393,12.3
2017,2017,Ohio,39,918,11658609,7.9
2017,2017,Oklahoma,40,439,3930864,11.2
2017,2017,Oregon,41,439,4142776,10.6
2017,2017,Pennsylvania,42,993,12805537,7.8
2017,2017,Rhode Island,44,33,1059639,3.1
2017,2017,South Carolina,45,531,5024369,10.6
2017,2017,South Dakota,46,83,869666,9.5
2017,2017,Tennessee,47,711,6715984,10.6
2017,2017,Texas,48,2158,28304596,7.6
2017,2017,Utah,49,344,3101833,11.1
2017,2017,Vermont,50,62,623657,9.9
2017,2017,Virginia,51,672,8470020,7.9
2017,2017,Washington,53,639,7405743,8.6
2017,2017,West Virginia,54,267,1815857,14.7
2017,2017,Wisconsin,55,435,5795483,7.5
2017,2017,Wyoming,56,99,579315,17.1
2018,2018,Alabama,1,552,4887871,11.3
2018,2018,Alaska,2,107,737438,14.5
2018,2018,Arizona,4,802,7171646,11.2
2018,2018,Arkansas,5,345,3013825,11.4
2018,2018,California,6,1629,39557045,4.1
2018,2018,Colorado,8,660,5695564,11.6
2018,2018,Connecticut,9,127,3572665,3.6
2018,2018,Delaware,10,58,967171,6
2018,2018,Florida,12,1869,21299325,8.8
2018,2018,Georgia,13,987,10519475,9.4
2018,2018,Hawaii,15,30,1420491,2.1
2018,2018,Idaho,16,250,1754208,14.3
2018,2018,Illinois,17,573,12741080,4.5
2018,2018,Indiana,18,588,6691878,8.8
2018,2018,Iowa,19,231,3156145,7.3
2018,2018,Kansas,20,292,2911505,10
2018,2018,Kentucky,21,509,4468402,11.4
2018,2018,Louisiana,22,467,4659978,10
2018,2018,Maine,23,147,1338404,11
2018,2018,Maryland,24,266,6042718,4.4
2018,2018,Massachusetts,25,148,6902149,2.1
2018,2018,Michigan,26,806,9995915,8.1
2018,2018,Minnesota,27,356,5611179,6.3
2018,2018,Mississippi,28,313,2986530,10.5
2018,2018,Missouri,29,726,6126452,11.9
2018,2018,Montana,30,160,1062305,15.1
2018,2018,Nebraska,31,145,1929268,7.5
2018,2018,Nevada,32,367,3034392,12.1
2018,2018,New Hampshire,33,135,1356458,10
2018,2018,New Jersey,34,193,8908520,2.2
2018,2018,New Mexico,35,281,2095428,13.4
2018,2018,New York,36,445,19542209,2.3
2018,2018,North Carolina,37,873,10383620,8.4
2018,2018,North Dakota,38,75,760077,9.9
2018,2018,Ohio,39,962,11689442,8.2
2018,2018,Oklahoma,40,465,3943079,11.8
2018,2018,Oregon,41,427,4190713,10.2
2018,2018,Pennsylvania,42,1025,12807060,8
2018,2018,Rhode Island,44,23,1057315,2.2
2018,2018,South Carolina,45,493,5084127,9.7
2018,2018,South Dakota,46,91,882235,10.3
2018,2018,Tennessee,47,690,6770010,10.2
2018,2018,Texas,48,2263,28701845,7.9
2018,2018,Utah,49,339,3161105,10.7
2018,2018,Vermont,50,70,626299,11.2
2018,2018,Virginia,51,679,8517685,8
2018,2018,Washington,53,599,7535591,7.9
2018,2018,West Virginia,54,257,1805832,14.2
2018,2018,Wisconsin,55,420,5813568,7.2
2018,2018,Wyoming,56,108,577737,18.7
2019,2019,Alabama,1,543,4903185,11.1
2019,2019,Alaska,2,117,731545,16
2019,2019,Arizona,4,809,7278717,11.1
2019,2019,Arkansas,5,341,3017804,11.3
2019,2019,California,6,1586,39512223,4
2019,2019,Colorado,8,647,5758736,11.2
2019,2019,Connecticut,9,118,3565287,3.3
2019,2019,Delaware,10,45,973764,4.6
2019,2019,District of Columbia,11,12,705749,Unreliable
2019,2019,Florida,12,1808,21477737,8.4
2019,2019,Georgia,13,955,10617423,9
2019,2019,Hawaii,15,41,1415872,2.9
2019,2019,Idaho,16,223,1787065,12.5
2019,2019,Illinois,17,540,12671821,4.3
2019,2019,Indiana,18,570,6732219,8.5
2019,2019,Iowa,19,233,3155070,7.4
2019,2019,Kansas,20,291,2913314,10
2019,2019,Kentucky,21,445,4467673,10
2019,2019,Louisiana,22,446,4648794,9.6
2019,2019,Maine,23,144,1344212,10.7
2019,2019,Maryland,24,268,6045680,4.4
2019,2019,Massachusetts,25,142,6892503,2.1
2019,2019,Michigan,26,742,9986857,7.4
2019,2019,Minnesota,27,350,5639632,6.2
2019,2019,Mississippi,28,308,2976149,10.3
2019,2019,Missouri,29,681,6137428,11.1
2019,2019,Montana,30,172,1068778,16.1
2019,2019,Nebraska,31,154,1934408,8
2019,2019,Nevada,32,354,3080156,11.5
2019,2019,New Hampshire,33,132,1359711,9.7
2019,2019,New Jersey,34,173,8882190,1.9
2019,2019,New Mexico,35,284,2096829,13.5
2019,2019,New York,36,455,19453561,2.3
2019,2019,North Carolina,37,781,10488084,7.4
2019,2019,North Dakota,38,79,762062,10.4
2019,2019,Ohio,39,980,11689100,8.4
2019,2019,Oklahoma,40,473,3956971,12
2019,2019,Oregon,41,466,4217737,11
2019,2019,Pennsylvania,42,964,12801989,7.5
2019,2019,Rhode Island,44,33,1059361,3.1
2019,2019,South Carolina,45,532,5148714,10.3
2019,2019,South Dakota,46,98,884659,11.1
2019,2019,Tennessee,47,746,6829174,10.9
2019,2019,Texas,48,2237,28995881,7.7
2019,2019,Utah,49,329,3205958,10.3
2019,2019,Vermont,50,59,623989,9.5
2019,2019,Virginia,51,661,8535519,7.7
2019,2019,Washington,53,637,7614893,8.4
2019,2019,West Virginia,54,196,1792147,10.9
2019,2019,Wisconsin,55,427,5822434,7.3
2019,2019,Wyoming,56,114,578759,19.7
2020,2020,Alabama,1,542,4921532,11
2020,2020,Alaska,2,133,731158,18.2
2020,2020,Arizona,4,830,7421401,11.2
2020,2020,Arkansas,5,364,3030522,12
2020,2020,California,6,1552,39368078,3.9
2020,2020,Colorado,8,654,5807719,11.3
2020,2020,Connecticut,9,109,3557006,3.1
2020,2020,Delaware,10,58,986809,5.9
2020,2020,Florida,12,1730,21733312,8
2020,2020,Georgia,13,939,10710017,8.8
2020,2020,Hawaii,15,31,1407006,2.2
2020,2020,Idaho,16,277,1826913,15.2
2020,2020,Illinois,17,543,12587530,4.3
2020,2020,Indiana,18,609,6754953,9
2020,2020,Iowa,19,260,3163561,8.2
2020,2020,Kansas,20,314,2913805,10.8
2020,2020,Kentucky,21,518,4477251,11.6
2020,2020,Louisiana,22,406,4645318,8.7
2020,2020,Maine,23,132,1350141,9.8
2020,2020,Maryland,24,267,6055802,4.4
2020,2020,Massachusetts,25,134,6893574,1.9
2020,2020,Michigan,26,761,9966555,7.6
2020,2020,Minnesota,27,354,5657342,6.3
2020,2020,Mississippi,28,278,2966786,9.4
2020,2020,Missouri,29,704,6151548,11.4
2020,2020,Montana,30,189,1080577,17.5
2020,2020,Nebraska,31,139,1937552,7.2
2020,2020,Nevada,32,372,3138259,11.9
2020,2020,New Hampshire,33,118,1366275,8.6
2020,2020,New Jersey,34,181,8882371,2
2020,2020,New Mexico,35,303,2106319,14.4
2020,2020,New York,36,462,19336776,2.4
2020,2020,North Carolina,37,879,10600823,8.3
2020,2020,North Dakota,38,77,765309,10.1
2020,2020,Ohio,39,903,11693217,7.7
2020,2020,Oklahoma,40,538,3980783,13.5
2020,2020,Oregon,41,454,4241507,10.7
2020,2020,Pennsylvania,42,919,12783254,7.2
2020,2020,Rhode Island,44,30,1057125,2.8
2020,2020,South Carolina,45,565,5218040,10.8
2020,2020,South Dakota,46,88,892717,9.9
2020,2020,Tennessee,47,767,6886834,11.1
2020,2020,Texas,48,2287,29360759,7.8
2020,2020,Utah,49,339,3249879,10.4
2020,2020,Vermont,50,69,623347,11.1
2020,2020,Virginia,51,697,8590563,8.1
2020,2020,Washington,53,618,7693612,8
2020,2020,West Virginia,54,220,1784787,12.3
2020,2020,Wisconsin,55,442,5832655,7.6
2020,2020,Wyoming,56,128,582328,22